PeakCol,PeakColq,11,22
100001_1134102,"""100001_1134102""",CC,LL
100001_1134351,"""100001_1134351""",CC,LL
100001_22172436,"""100001_22172436""",CC,LL
100001_27034831,"""100001_27034831""",CC,LL
100001_27798288,"""100001_27798288""",CC,LL
100001_29720559,"""100001_29720559""",CC,LL
100001_347577,"""100001_347577""",CC,LL
100001_430398,"""100001_430398""",CC,LL
100001_6878261,"""100001_6878261""",CC,LL
100001_8513083,"""100001_8513083""",CC,LL
100002_17673179,"""100002_17673179""",LL,CC
100002_22639756,"""100002_22639756""",LL,CC
100002_23017724,"""100002_23017724""",LL,CC
100002_23926753,"""100002_23926753""",LL,CC
100002_650453,"""100002_650453""",LL,CC
100003_13645510,"""100003_13645510""",CC,LL
100003_16000000,"""100003_16000000""",CC,LL
100003_16544157,"""100003_16544157""",CC,LL
100003_16625759,"""100003_16625759""",CC,LL
100004_11630182,"""100004_11630182""",CC,LL
100004_12415550,"""100004_12415550""",CC,LL
100004_12435272,"""100004_12435272""",CC,LL
100004_12554202,"""100004_12554202""",CC,LL
100004_13903081,"""100004_13903081""",CC,LL
100004_3019180,"""100004_3019180""",CC,LL
100005_11172801,"""100005_11172801""",LL,CC
100005_11234583,"""100005_11234583""",LL,CC
100005_11341077,"""100005_11341077""",LL,CC
100005_13206883,"""100005_13206883""",LL,CC
100005_13361328,"""100005_13361328""",LL,CC
100005_13442789,"""100005_13442789""",LL,CC
100005_14025412,"""100005_14025412""",LL,CC
100005_14947020,"""100005_14947020""",LL,CC
100005_15329289,"""100005_15329289""",LL,CC
100006_2175477,"""100006_2175477""",CC,LL
100006_3646135,"""100006_3646135""",CC,LL
100006_5533825,"""100006_5533825""",CC,LL
100006_9005491,"""100006_9005491""",CC,LL
100007_10020392,"""100007_10020392""",CC,LL
100007_10373690,"""100007_10373690""",CC,LL
100007_6931002,"""100007_6931002""",CC,LL
100007_7678915,"""100007_7678915""",CC,LL
100008_8338470,"""100008_8338470""",CC,LL
100008_9436150,"""100008_9436150""",CC,LL
100008_9720619,"""100008_9720619""",CC,LL
100009_6677591,"""100009_6677591""",LL,CC
100009_6691938,"""100009_6691938""",LL,CC
100009_6969879,"""100009_6969879""",LL,CC
100009_7831611,"""100009_7831611""",LL,CC
100009_8860871,"""100009_8860871""",LL,CC
100009_8952304,"""100009_8952304""",LL,CC
100009_9039303,"""100009_9039303""",LL,CC
100009_9335947,"""100009_9335947""",LL,CC
100010_10417510,"""100010_10417510""",CC,LL
100010_10866367,"""100010_10866367""",CC,LL
100010_11984760,"""100010_11984760""",CC,LL
100010_5886497,"""100010_5886497""",CC,LL
100010_7971307,"""100010_7971307""",CC,LL
100012_2981284,"""100012_2981284""",CC,LL
100012_6057755,"""100012_6057755""",CC,LL
100012_6151193,"""100012_6151193""",CC,LL
100012_6161114,"""100012_6161114""",CC,LL
100012_6576269,"""100012_6576269""",CC,LL
100012_6666830,"""100012_6666830""",CC,LL
100012_6929677,"""100012_6929677""",CC,LL
100013_11494881,"""100013_11494881""",CC,LL
100013_11554254,"""100013_11554254""",CC,LL
100013_11852892,"""100013_11852892""",CC,LL
100013_2282066,"""100013_2282066""",CC,LL
100013_6742381,"""100013_6742381""",CC,LL
100014_10765150,"""100014_10765150""",CC,LL
100014_5781188,"""100014_5781188""",CC,LL
100014_6049987,"""100014_6049987""",CC,LL
100014_6145521,"""100014_6145521""",CC,LL
100014_6493576,"""100014_6493576""",CC,LL
100014_6599654,"""100014_6599654""",CC,LL
100014_6820336,"""100014_6820336""",CC,LL
100014_6820348,"""100014_6820348""",CC,LL
100014_7159656,"""100014_7159656""",CC,LL
100014_8703953,"""100014_8703953""",CC,LL
100014_9762732,"""100014_9762732""",CC,LL
100015_10067152,"""100015_10067152""",LL,CC
100015_11270449,"""100015_11270449""",LL,CC
100015_9627997,"""100015_9627997""",LL,CC
100015_9914595,"""100015_9914595""",LL,CC
100016_7411269,"""100016_7411269""",CC,LL
100016_8316107,"""100016_8316107""",CC,LL
100016_9171528,"""100016_9171528""",CC,LL
100017_2731145,"""100017_2731145""",LL,CC
100017_2816440,"""100017_2816440""",LL,CC
100017_399752,"""100017_399752""",LL,CC
100017_4054971,"""100017_4054971""",LL,CC
100017_5005179,"""100017_5005179""",LL,CC
100017_5685438,"""100017_5685438""",LL,CC
100017_596397,"""100017_596397""",LL,CC
100017_6856365,"""100017_6856365""",LL,CC
100018_3190955,"""100018_3190955""",LL,CC
100018_4188798,"""100018_4188798""",LL,CC
100018_4812609,"""100018_4812609""",LL,CC
100018_8566911,"""100018_8566911""",LL,CC
100019_1511273,"""100019_1511273""",CC,LL
100019_1511398,"""100019_1511398""",CC,LL
100019_199285,"""100019_199285""",CC,LL
100019_2490149,"""100019_2490149""",CC,LL
100019_267659,"""100019_267659""",CC,LL
100019_3353277,"""100019_3353277""",CC,LL
100019_337864,"""100019_337864""",CC,LL
100019_4021217,"""100019_4021217""",CC,LL
100019_4277223,"""100019_4277223""",CC,LL
100019_4386746,"""100019_4386746""",CC,LL
100019_4478196,"""100019_4478196""",CC,LL
100019_4543013,"""100019_4543013""",CC,LL
100021_2343117,"""100021_2343117""",CC,LL
100023_8857921,"""100023_8857921""",CC,LL
100024_2773805,"""100024_2773805""",CC,LL
100024_3437336,"""100024_3437336""",CC,LL
100024_3507820,"""100024_3507820""",CC,LL
100024_635832,"""100024_635832""",CC,LL
100024_639318,"""100024_639318""",CC,LL
100024_880658,"""100024_880658""",CC,LL
100025_1018777,"""100025_1018777""",LL,CC
100025_1216370,"""100025_1216370""",LL,CC
100025_1924974,"""100025_1924974""",LL,CC
100030_1768078,"""100030_1768078""",CC,LL
100030_1819660,"""100030_1819660""",CC,LL
100032_3244461,"""100032_3244461""",CC,LL
100033_1128442,"""100033_1128442""",CC,LL
100033_1496413,"""100033_1496413""",CC,LL
100033_2493772,"""100033_2493772""",CC,LL
100033_2594582,"""100033_2594582""",CC,LL
100033_2596942,"""100033_2596942""",CC,LL
100033_3219147,"""100033_3219147""",CC,LL
100033_3393476,"""100033_3393476""",CC,LL
100033_909010,"""100033_909010""",CC,LL
100034_1252009,"""100034_1252009""",LL,CC
100042_731080,"""100042_731080""",CC,LL
100080_2214687,"""100080_2214687""",LL,CC
100080_2532805,"""100080_2532805""",LL,CC
100080_4720512,"""100080_4720512""",LL,CC
100080_4785241,"""100080_4785241""",LL,CC
100080_5780459,"""100080_5780459""",LL,CC
100080_5899023,"""100080_5899023""",LL,CC
100080_8322334,"""100080_8322334""",LL,CC
635_1413626,"""635_1413626""",CC,LL
635_2973901,"""635_2973901""",CC,LL
635_3592468,"""635_3592468""",CC,LL
635_5826781,"""635_5826781""",CC,LL
635_5945742,"""635_5945742""",CC,LL