Line,CorollaWidth,CorollaThroat,CorollaLength,OverallCorollaLength,SepalLength,LongestStamenLength,PistilLength,SeedMass,SeedLength,SeedWidth,NectarVolume,SugarConcentration,NectarySize,sqrtNectarVol,lnNectarySize
014s,21.29166667,6.548333333,22.80333334,26.3,11.24833334,16.09166667,14.63166667,0.033,4.4,4.195,2.053229167,345.8062011,0.1424821,1.428668711,-1.975322508
025s,20.255,6.263333334,20.38666667,23.87833334,11.27833333,13.38166667,12.51666667,0.024,3.895,3.7,0.841458333,273.4244071,0.064639261,0.86568604,-2.797220298
032s,20.925,6.195,22.04333334,25.85666667,10.67166667,15.8,14.17833333,0.0345,4.61,4.495,1.071354167,299.5115284,0.076213315,1.005910478,-2.64246006
039s,22.75333333,6.575,22.715,27.59333333,11.33,16.055,13.975,0.0285,4.385,4.14,2.007291667,330.4851176,0.11691563,1.408397621,-2.15728271
043s,22.61,6.38,22.98166667,27.13333334,11.48833333,16.345,15.445,0.0325,4.83,4.525,1.528020834,346.0065749,0.137032018,1.234720876,-2.00063962
054s,22.08833333,6.206666667,23.585,27.00666667,10.29166667,17.63833334,14.435,0.0295,4.285,4.43,1.734479167,365.9718392,0.121067331,1.309993098,-2.116929857
068s,19.23,6.23,22.45166667,25.06833334,11.02166667,14.635,12.91833334,0.032,4.765,4.245,1.0940625,362.8902377,0.100367822,0.98537499,-2.350775468
075s,22.82,6.425,24.28666667,27.99666667,11.65666667,17.395,13.78166667,0.0295,4.545,4.145,1.503645833,307.1016763,0.095469161,1.197161749,-2.364788016
077b,20.3,6.661666667,21.915,25.49,10.58333333,15.64333334,11.93333334,0.024,3.79,3.67,1.227708333,355.5933581,0.0713373,1.07533419,-2.657942928
081d,20.01166667,6.445,22.38166667,25.94833334,10.95666667,15.975,15.75666667,0.0295,4.595,3.79,1.384270834,326.0711139,0.124133506,1.119731499,-2.15453475
090b,26.83,7.223333333,26.83666667,31.13666667,13.02666667,17.56333333,15.66666667,0.031,4.47,4.06,2.780625,343.7636405,0.111760418,1.663205023,-2.218415235
093s,23.92,6.353333334,24.01833333,28.955,12.12,16.98,16.015,0.0395,4.49,4.54,1.281666667,305.2906224,0.088838187,1.102581464,-2.485067286
1,19.11833334,6.721666667,21.83833334,24.52666667,11.015,14.63833334,11.76166667,0.036,4.41,4.26,1.423333333,316.7563794,0.101372885,1.149563097,-2.308357869
101s,22.985,6.106666667,23.65166667,28.4,12.39166667,16.65833333,14.12666667,0.0255,4.36,3.935,1.714895834,336.8968461,0.088341032,1.258460984,-2.50955728
104,24.88166667,8.13,25.07,29.31,12.785,16.575,14.90333333,0.034,4.925,4.075,1.755520834,318.38634,0.090306362,1.306891606,-2.433032238
105,24.50166667,7.253333334,24.45833333,29.27,11.42166667,16.205,15.39,0.0295,4.63,4.045,1.150520834,324.3344418,0.085770881,1.061711456,-2.4679129
106,16.53666667,5.196666667,19.41666667,22.61,8.926666667,12.52,10.88333333,0.025,4.06,3.9,0.349166667,241.6934319,0.078515623,0.492854044,-2.646166404
107s,21.81833334,6.748333334,24.685,27.74833333,11.21166667,16.2,13.90833333,0.03,4.265,4.16,1.822708334,305.318583,0.103500705,1.340795391,-2.282324865
108,21.39333333,6.215,23.69166667,27.44166667,10.80333334,16.39666667,14.18833333,0.0285,4.27,4.1,1.253541667,283.8239935,0.06541468,1.079487835,-2.779441243
109,21.66833334,6.848333334,22.86333333,26.32166667,10.58333334,16.09333334,13.87833334,0.0335,4.69,4.185,1.333645833,290.5644786,0.089506076,1.119213838,-2.463445638
11,23.66,6.745,23.96333333,28.69,11.92166667,16.97333333,14.645,0.033,4.57,4.275,2.137604167,324.3110653,0.097132669,1.44056693,-2.337195573
112,23.19,6.856666667,25.465,29.41833334,10.88666667,16.71833334,14.59333333,0.029,4.24,3.69,1.678854167,311.6994172,0.087603348,1.270179348,-2.480823267
115,18.57333334,6.266666667,19.835,22.79,9.373333334,14.22166667,12.08,0.034,4.56,4.08,1.0878125,271.2084372,0.065162366,0.960037552,-2.808878806
117s,19.74166667,6.235,20.53666667,23.49333334,10.27333333,14.3,12.88666667,0.0305,3.745,4.12,1.604635417,292.5236059,0.093124834,1.23178381,-2.409772857
118,18.61166667,5.968333334,20.595,23.98,10.78166667,15.56333333,13.78666667,0.033,4.63,4.045,0.886770834,281.2896727,0.066418576,0.919057989,-2.76064307
119s,20.41333334,5.978333334,23.34,26.92,10.98166667,17.57333333,13.965,0.029,4.24,3.79,1.380729167,351.2382502,0.075849427,1.14260231,-2.704673524
12,21.46666667,6.525,21.03833334,24.735,10.07666667,16.39833333,13.84,0.03,4.205,3.945,1.915,290.0494737,0.086883054,1.351445152,-2.519107736
120,19.81666667,6.661666667,21.54,24.83333334,11.85,15.27333334,13.26166667,0.037,4.92,4.105,1.229375,279.6587056,0.12011359,1.064644954,-2.176880229
121,19.36666667,6.068333334,20.45333334,23.515,11.12,14.11,11.51666667,0.025,3.88,3.35,0.855625,280.3478218,0.048907096,0.903091217,-3.033621508
122,22.35833333,6.663333334,23.04833334,27.55333333,11.31666667,16.315,13.645,0.0275,4.28,3.955,0.931770833,246.9904924,0.085859125,0.926219508,-2.474337373
124,18.45,6.33,22.665,25.91166667,10.37833333,15.10833334,14.79666667,0.0285,4.36,4.39,1.41125,317.4016215,0.09344417,1.155431998,-2.399676576
125,20.42333334,6.053333334,20.845,24.76333334,11.41,15.60166667,14.06333333,0.027,4.145,4.035,0.942395833,261.8305021,0.064810625,0.965879282,-2.769968947
126,22.09333334,6.086666667,21.54,26.20333334,10.535,15.865,14.45333334,0.032,4.59,4.07,1.245208334,308.5468007,0.09035545,1.100966189,-2.46656722
128,24.575,7.378333334,26.46,30.28666667,11.41166667,17.09833333,16.37333333,0.0295,4.36,4.27,1.93,307.084308,0.123221444,1.380842748,-2.098658634
13,22.02,6.84,23.98333334,27.79833333,10.475,17.01333333,14.81666667,0.027,4.265,3.71,1.615104167,335.5963482,0.087063151,1.251652685,-2.457194744
130,26.44333334,7.343333333,22.04333333,27.33333334,12.17833334,15.89333334,13.14333333,0.0345,4.28,4.405,1.635729167,305.3105633,0.17620615,1.243419972,-1.769666754
132,22.93833334,6.291666667,24.96166667,29.95333334,10.86833333,17.39166667,13.58666667,0.0295,4.285,3.775,1.233333334,282.2708458,0.07631621,1.081963927,-2.592672671
133,22.08666667,7.065,22.56666667,26.27833333,11.07166667,16.585,14.43666667,0.025,4.455,3.96,1.233333334,299.0507222,0.074771866,1.054031723,-2.631528598
134,21.42833334,5.871666667,22.25333334,26.595,11.22,16.315,14.78833334,0.027,4.38,4.005,1.706458334,325.7666478,0.126351611,1.302097992,-2.083083108
135,22.10833333,7.121666667,21.945,26.92,11.96,14.53333334,12.61,0.035,4.75,4.085,1.796979167,296.9470062,0.097555496,1.295672805,-2.346515816
136,22.48333333,6.09,21.66166667,25.96166667,11.015,14.56,12.665,0.0265,4.56,3.885,1.193854167,257.4311065,0.081357212,1.060801959,-2.529531777
137,19.87166667,5.95,21.72166667,24.93333334,10.80666667,14.99166667,12.23,0.031,4.19,3.715,1.368541667,263.3022119,0.086415159,1.158214851,-2.480851731
138,21.61666667,6.506666667,22.76166667,26.58,10.13833333,14.97666667,13.705,0.0285,4.035,4.1,1.388333333,273.5495406,0.075251586,1.113745533,-2.67691016
139,20.33,6.441666667,22.24333334,25.74666667,10.16333333,15.945,13.445,0.025,3.965,3.69,1.261354167,298.8998886,0.100394109,1.114606447,-2.335866902
141,22.76333334,6.411666667,23.61,27.16166667,10.96833333,15.93833333,15.645,0.0325,4.38,3.985,1.587395834,325.9608661,0.118121678,1.173927534,-2.187258852
142,22.18333333,7.213333333,22.55,26.3,10.74333333,16.44,14.84,0.034,4.7,4.11,1.469791667,332.1538996,0.095236957,1.206021689,-2.408279023
143,26.44333333,6.713333334,24.84333334,30.12666667,11.37666667,17.085,15.11666667,0.0305,4.445,4.045,1.919583333,302.7130139,0.089143946,1.319829399,-2.433962285
144,18.71166667,5.418333333,21.59166667,25.13,10.26,16.15666667,14.71166667,0.0285,4.425,3.825,0.970833333,266.8958474,0.05930657,0.935866814,-2.872624002
145,22.625,7.673333334,25.76,29.495,12.13666667,17.455,16.05166667,0.0315,4.925,4.03,1.409583334,352.093444,0.130178976,1.171889464,-2.050000559
146,23.915,7.146666667,23.02333334,27.44333333,11.70833334,15.94,14.11833334,0.0275,4.03,3.69,1.913333334,336.9027978,0.092068854,1.313566084,-2.400242984
147,21.46,6.066666667,21.91166667,25.97666667,9.64,16.78333334,13.44833333,0.028,4.095,3.96,2.480416667,323.7259084,0.103405191,1.563351746,-2.311529063
148,24.16333334,7.456666667,22.56,27.33666667,10.33666667,15.22833334,13.33666667,0.027,4.08,3.995,1.806145834,297.9041551,0.099063565,1.321444816,-2.333565406
149,20.73333334,6.31,20.72,24.94666667,10.12666667,14.175,13.32333334,0.028,4.115,3.77,1.750416667,294.9419427,0.103286998,1.307394664,-2.328357444
15,24.71833334,7.056666667,26.06333334,30.71833334,12.955,17.53833334,14.735,0.023,3.785,3.705,2.017604167,304.0165214,0.127373252,1.401718771,-2.071965097
150,21.19,6.611666667,21.46,25.06166667,11.115,16.48166667,13.815,0.0255,3.775,3.45,0.84125,254.276872,0.106544455,0.866437058,-2.270757974
151,20.20333334,6.18,20.01833334,23.82333333,10.78666667,14.9,12.675,0.031,4.565,3.86,1.682083334,311.9891465,0.084736076,1.278270138,-2.524228219
152,24.43666667,7.058333333,25.06833334,29.60833334,11.35666667,18.09666667,16.56166667,0.0335,4.635,4.025,1.429583333,306.9993652,0.089075026,1.088203412,-2.498238868
153,23.01833334,6.52,22.65833334,26.99666667,10.80333334,16.285,14.075,0.0335,4.485,4.4,2.002708334,319.9483823,0.109708488,1.408354118,-2.231704361
155,23.80166667,6.631666667,20.69666667,26.13833333,11.305,16.48833333,12.77166667,0.0305,4.405,3.86,1.640833334,339.5977644,0.126886907,1.269550258,-2.082015303
156,19.93,5.97,19.90166667,23.77,10.52833334,14.59,11.02833333,0.0305,4.295,3.835,0.9415625,312.652443,0.082882276,0.950350301,-2.537167189
157,19.84333333,5.996666667,20.61,23.93333333,11.27833334,15.40333334,13.73833334,0.0335,4.645,4.02,0.7490625,371.0716798,0.098023902,0.854152354,-2.379911708
158,20.29333333,6.048333334,21.315,25.29833334,10.255,15.48333334,14.41,0.0315,3.905,3.755,1.209375,286.2707863,0.081538304,1.080820987,-2.538547999
160,18.77166667,6.13,22.23833334,26.06333333,11.12166667,14.825,14.38833333,0.0275,3.525,3.91,1.320208333,280.3357167,0.085291382,1.115353169,-2.540253167
161,21.75,6.835,21.81666667,26.25,11.61666667,15.73666667,14.33666667,0.035,4.685,3.97,2.725,315.9279677,0.144684124,1.644931992,-1.958577814
162,21.28166667,6.473333333,21.68666667,24.85833334,12.37333334,15.25666667,13.335,0.03,4.375,4.03,1.341770834,328.3245426,0.10650394,1.066043978,-2.260129668
163d,20.93,6.268333334,20.125,24.31333334,10.89333334,14.82666667,12.525,0.0265,4.01,3.78,1.393958334,305.3172682,0.109603025,1.168728413,-2.247196256
165,18.75333333,5.82,21.05333333,24.25,11.41333333,14.63,11.37666667,0.027,3.97,3.53,0.820416667,282.1125223,0.075074893,0.859587152,-2.650489656
166,23.885,6.875,27.83833334,31.64833334,12.32333334,18.595,17.05833334,0.03,4.35,4.02,2.289270834,319.1168278,0.109015479,1.503905879,-2.239526731
172,21.015,7.088333334,22.83166667,26.125,10.77666667,15.09333334,12.54666667,0.032,4.285,3.945,1.333958334,309.1190739,0.094766759,1.139837894,-2.36910223
174,17.90666667,6.226666667,20.41333334,23.34666667,10.01166667,13.73,10.81333333,0.0255,4.17,3.645,0.820729167,245.9996119,0.069005687,0.845551015,-2.714322577
176,22.18166667,7.05,23.7,27.13833334,11.40666667,16.98666667,14.38666667,0.0325,4.745,4.145,2.049583333,384.3831395,0.191264698,1.422537337,-1.73869221
177,24.08166667,6.92,22.825,27.91,10.25833333,17.63833334,15.225,0.0325,4.14,3.935,1.970729167,285.6012067,0.104954558,1.390860562,-2.273870214
178s,22.76333334,6.5,26.06166667,30.00666667,11.46333333,17.43166667,15.66333334,0.0345,4.595,4.125,1.257395834,297.8320552,0.111365376,1.111853756,-2.228017792
179s,21.66666667,6.225,23.24333334,27.185,11.17666667,17.155,14.91,0.033,4.515,3.91,0.823854167,315.5529246,0.061712839,0.862229738,-2.987026458
18,24.56166667,7.84,25.13166667,29,11.86666667,18.84833334,16.46,0.0245,4.59,3.92,2.352291667,365.5195071,0.227040005,1.514445592,-1.487170735
180,21.225,6.293333333,23.08833334,26.63166667,10.58833334,17.19666667,16.385,0.0345,4.805,4.22,1.810104167,272.3646864,0.093420716,1.335073855,-2.384008466
181,20.05333333,5.35,23.39333333,25.63333334,11.15,15.895,15.05833333,0.0285,4.76,3.96,1.616666667,336.8233109,0.083148129,1.264453232,-2.502735073
182,23.27666667,6.66,21.52666667,25.735,12.08833334,15.35,12.20833333,0.03,4.695,4.03,2.1290625,351.094481,0.215195624,1.412165741,-1.583793452
184,18.72666667,5.885,21.465,24.92333333,10.48166667,14.03666667,11.83166667,0.033,4.455,4.105,1.0375,287.8002645,0.105402229,1.005904478,-2.278872653
185s,19.97333334,6.201666667,23.13333334,26.28666667,11.08166667,15.08833334,13.82833334,0.026,4.08,3.81,1.537291667,296.5469219,0.089959216,1.235440172,-2.428053917
186,24.09,6.821666667,24.62333333,29.995,11.33666667,17.365,16.10833334,0.0305,4.605,4.325,2.152083334,328.7518235,0.133759051,1.463614513,-2.029638653
188d,19.015,6.06,19.87166667,23.43333334,11.56833333,15.05666667,13.94333334,0.033,4.56,4.315,1.478125,308.9069093,0.099388194,1.197531531,-2.315559206
189d,22.08,6.85,20.12333334,25.175,11.16333334,14.91833333,13.745,0.0325,4.6,4.155,0.684166667,272.2333111,0.085562327,0.789889832,-2.509052299
19,20.605,5.835,21.06666667,25.32833334,11.77833333,15.30166667,12.56833334,0.0305,4.43,4.375,1.389166667,298.740386,0.083243547,1.168974579,-2.500552767
192,21.15166667,6.793333334,23.68,27.34666667,11.28833334,15.78166667,13.41666667,0.0365,5,4.605,1.588333333,337.915728,0.127497871,1.245688384,-2.063142422
195,22.67,6.081666667,21.865,25.81,10.46833334,17.03166667,12.76,0.027,4.23,4.33,1.59625,322.9590124,0.082464939,1.25634236,-2.511755513
196,25.10833334,7.028333333,25.16,30.36666667,11.795,17.955,15.16,0.035,5.395,4.285,1.898020834,300.2219559,0.088672754,1.282315201,-2.443191917
197,24.64166667,6.756666667,22.85,28.18833334,11.00833334,16.31,16.30333334,0.0235,4.375,3.715,2.122291667,307.4167623,0.1329143,1.444174982,-2.041576781
198,20.515,6.3,21.85166667,25.13166667,10.22,15.49,14.46833334,0.0325,4.87,4.355,1.203125,341.5306824,0.093763993,1.076120881,-2.422557337
200,20.11666667,5.93,21.00666667,24.67333334,10.27833334,14.74666667,11.87333334,0.0225,4.455,3.87,0.4809375,333.6258902,0.084299651,0.65078962,-2.560003041
201,19.56333334,6.181666667,22.44666667,25.43833334,11.68833333,14.48333334,12.15333333,0.0285,4.495,4.015,0.840104167,292.2267549,0.081630055,0.914829324,-2.51799567
202,20.90333334,6.18,20.08166667,24.04333334,10.955,13.67333334,12.84166667,0.0275,4.34,3.895,1.37625,302.7130184,0.0738028,1.144250573,-2.662140737
203,21.18833334,7.071666667,23.64833333,27.09333334,10.14,15.91166667,13.94,0.029,4.625,4.085,2.831354167,355.0157837,0.106641335,1.637995977,-2.274035742
205,20.27666667,5.973333334,19.53666667,23.70833333,11.015,13.88,12.33,0.0275,4.175,4.325,1.2790625,291.4074791,0.066741231,1.087509454,-2.755893495
207,25.525,6.586666667,24.15666667,29.31666667,12.16,17.71666667,14.82,0.0345,5.23,4.225,1.498020834,289.7941083,0.087117928,1.17998493,-2.465146884
209,23.43333334,6.698333333,24.20333333,27.82333334,12.01833333,16.59333333,15.67,0.033,4.465,4.15,2.254270834,335.6488954,0.147615685,1.489561607,-1.920450104
21,22.01666667,6.988333334,23.43333333,27.62,9.890000002,17.145,13.55333333,0.033,4.895,4.535,1.6628125,336.5752897,0.09483024,1.241635702,-2.431483452
211,18.99666667,5.696666667,20.70833333,23.93166667,10.51666667,14.97,12.59666667,0.027,4.7,4.04,1.2725,282.6042692,0.066106319,1.10716378,-2.745822013
213s,21.90166667,6.08,22.35,27.105,10.58333334,16.35,13.87,0.029,4.46,3.96,1.910833333,317.9992758,0.101158157,1.368406155,-2.312143804
214,19.84166667,6.43,19.10833334,23.055,9.506666667,14.975,12.69333333,0.029,4.58,4.16,1.367291667,282.4970176,0.080400421,1.156887768,-2.541050245
217,19.79166667,5.593333333,21.93,25.46666667,10.70666667,15.01333334,14.025,0.028,4.27,4.125,2.0996875,336.8298999,0.111764705,1.433982516,-2.20337333
218,22.51666667,6.505,24.665,28.79,10.95166667,17.30666667,14.24,0.031,4.505,4.285,2.2071875,297.7422576,0.080002378,1.474264949,-2.538609544
220,25.02666667,7.42,25.82666667,29.245,13.18333334,15.81,16.86833333,0.0365,4.8,4.06,2.340104167,331.3695277,0.187127014,1.518153666,-1.687061519
222,22.86166667,6.933333334,22.46666667,26.31833334,11.71333333,16.42166667,14.96833333,0.029,4.47,3.68,1.639895833,324.0713168,0.146265586,1.271424259,-1.937489839
226,23.85666667,6.78,23.87833333,28.27,12.00166667,17.19333334,13.53833334,0.0305,4.465,4.265,2.551041667,367.5150698,0.164740855,1.585285111,-1.822667153
227,21.96666667,5.9,20.92833334,25.46833333,11.03166667,15.54833333,13.835,0.0315,4.375,4.165,1.659479167,283.460001,0.110847013,1.281612481,-2.207551569
228s,23.13666667,6.616666667,23.00666667,27.63,11.02,17.34833333,13.14,0.0345,4.97,4.38,2.0840625,344.2333348,0.096736535,1.433220633,-2.412933602
229,19.32666667,6.451666667,22.355,25.465,11.97666667,13.42833333,12.47833334,0.0395,4.985,4.58,0.837708334,260.4772541,0.098502972,0.8916254,-2.429188612
231,22.13833333,6.838333334,23.39333333,27.90666667,11.05666667,16.98166667,15.55666667,0.025,4.39,3.87,1.5259375,280.1580296,0.073376926,1.22229929,-2.621195568
233,20.30333333,5.878333334,19.63833334,23.72666667,11.455,13.85166667,10.31333334,0.0225,4.395,3.915,1.192916667,236.0688582,0.076285528,1.080137526,-2.60402764
234,19.41166667,6.263333334,20.25333333,24.075,10.78833334,15.05333334,11.47833334,0.029,4.525,4.22,1.615104167,300.8145714,0.067702274,1.237133674,-2.699906352
235,21.14666667,6.646666667,22.815,26.77666667,10.72833334,16.53666667,14.28666667,0.0315,4.85,4.155,1.667083334,346.1107613,0.144303248,1.231770742,-1.949084578
237,22.76833333,6.635,22.53666667,26.87,11.29333334,17.59166667,15.27,0.0285,4.925,4,0.736145834,291.3450128,0.104336379,0.835027768,-2.27672028
238,22.915,5.968333334,22.57666667,26.82666667,11.58,17.73333334,14.32,0.03,4.3,4.145,1.7953125,301.5260202,0.09101458,1.328165638,-2.452182805
24,21.74,6.426666667,22.14333333,26.58666667,10.41833333,15.83333333,13.82833334,0.028,3.845,4.015,2.691666667,337.6411846,0.120508048,1.625468315,-2.137415599
240,20.56166667,6.151666667,20.79666667,25.14333334,10.02333333,15.43833334,15.14166667,0.0245,4.48,3.855,1.6346875,276.8704173,0.071379915,1.264210554,-2.679334641
244,22.265,6.95,21.24666667,25.38666667,10.78333334,14.47666667,12.34333333,0.03,4.455,4.065,1.388541667,309.6524375,0.12193175,1.080665828,-2.265699474
247,21.81,6.706666667,23.55333334,27.86666667,9.628333335,16.28166667,12.375,0.0245,4.115,3.77,1.025104167,256.5622616,0.081849102,0.926077366,-2.541194023
250,23.11666667,6.76,26.21833334,30.66666667,11.27,17.29166667,15.475,0.0335,4.99,4.27,1.584375,292.6191773,0.125167177,1.229402027,-2.157563655
251,21.635,5.963333333,20.56833334,24.73166667,12.60166667,14.94666667,14.09833333,0.0355,4.855,4.015,1.111770834,284.8096335,0.094713759,1.032173626,-2.373958582
255,22.935,6.733333333,24.39333333,28.58166667,10.945,16.97,15.42833334,0.0255,4.54,3.98,1.8759375,303.0527451,0.092140278,1.351825619,-2.390052828
256,25.13,7.208333333,23.655,28.47166667,13.165,16.885,16.64333333,0.0345,4.895,4.435,2.1221875,357.8322439,0.156398454,1.43605463,-1.861475725
257,23.26333333,5.936666667,21.425,26.37166667,11.25,16.77833334,13.34166667,0.033,4.635,4.36,1.457708334,292.8712593,0.069913931,1.188223011,-2.710732561
258,19.405,5.918333333,18.39833334,22.25666667,10.37166667,13.95333333,11.67833334,0.025,4.245,3.66,1.031979167,281.9449558,0.0807544,0.999674333,-2.586397579
260,24.00333333,6.406666667,24.78,29.19166667,11.72666667,17.34166667,16.29833334,0.036,4.67,4.205,1.700833334,288.5165542,0.083271029,1.294572746,-2.497633352
262,22.06333334,6.546666667,22.4,26.72833334,11.08666667,16.08666667,14.66833334,0.0285,4.845,4.08,1.4515625,302.943653,0.109280511,1.18637758,-2.246523875
264,20.865,5.936666667,20.97666667,24.78666667,10.17333333,15.80833334,15.085,0.028,4.415,3.95,1.382604167,249.6725779,0.071960312,1.123982499,-2.668814935
269,21.42166667,6.176666667,20.73833334,24.53666667,11.20666667,14.81,13.83166667,0.029,4.495,4.04,1.261145834,244.4432117,0.051943167,1.118179544,-2.981480049
27,22.29666667,6.458333334,21.72333334,26.215,12.39166667,15.92833334,13.99166667,0.029,4.435,4.095,2.059583334,326.7139842,0.104026579,1.406603808,-2.292257462
270,22.03,6.396666667,22.98,26.80666667,10.55833333,16.18166667,13.595,0.0305,4.49,3.97,1.0534375,281.5839006,0.068054853,0.96879249,-2.778162236
271,18.49333334,6.42,19.08333333,21.84666667,9.323333334,14.23833334,11.35666667,0.0295,4.73,4.135,1.432708334,317.941286,0.0898095,1.185868169,-2.552725998
272,20.80833334,6.393333333,22.53333333,25.69666667,10.25333334,15.23833333,14.55666667,0.035,4.865,4.285,0.985729167,330.390137,0.077232928,0.93361439,-2.682719777
273,20.73166667,7.23,23.365,26.75166667,12.125,16.44833334,13.64333334,0.0365,4.77,4.46,2.13,342.9799677,0.116634096,1.450431818,-2.159374289
274,21.26833333,7.153333333,23.44166667,27.25333334,11.99333334,16.785,12.99333333,0.0295,4.335,4.32,1.9225,350.0026007,0.116697058,1.365233911,-2.171335919
275,22.36833334,6.101666667,19.525,24.74333334,11.13833333,14.36833334,12.85666667,0.027,4.2,3.82,1.542708334,264.861245,0.085491815,1.225354466,-2.489852444
276,22.55,6.681666667,21.34333333,25.475,11.71666667,15.725,13.51,0.028,4.155,3.905,1.331145834,269.2362974,0.076915813,1.124539454,-2.566738293
277,23.95166667,7.258333333,22.90833334,27.71333333,11.015,16.14666667,13.67166667,0.026,4.445,4.06,1.791458334,349.1138201,0.14165709,1.275273199,-2.058114843
278,20.61666667,6.273333333,22.85,26.015,10.23166667,15.29,12.62333334,0.0235,3.945,3.75,1.861875,307.4890351,0.078258268,1.323564175,-2.575203354
279,20.41166667,5.963333333,22.205,25.80833333,11.20833334,16.00833334,12.14166667,0.0295,4.685,4.18,0.81375,269.4624791,0.069912382,0.855394961,-2.706746655
281,20.60666667,6.548333333,20.645,24.39833334,10.94333333,14.59833334,14.57666667,0.0295,4.79,4.155,0.919270833,261.2877204,0.055424789,0.947388333,-2.918739777
282,23.045,6.805,22.26666667,26.60666667,10.94333333,14.67166667,13.31666667,0.026,4.455,3.93,1.266770834,288.0197374,0.078942921,1.107176731,-2.583987672
283,21.33666667,6.078333334,22.57333334,26.64166667,10.595,14.32833334,13.72333333,0.025,4.285,4.02,1.464166667,315.6514165,0.095920047,1.175717601,-2.403780779
284,21.345,6.46,23.13333334,26.87,11.12166667,15.78333334,14.26666667,0.0345,4.805,4.28,1.187291667,352.0720928,0.116392161,1.074923156,-2.162507033
285,21.42833334,6.406666667,24.11666667,27.7,12.425,16.12166667,15.47666667,0.025,4.495,4.04,1.007291667,271.5998327,0.068078025,0.911501482,-2.761537911
286,20.66833334,6.21,22.87,26.40166667,11.01333334,16.56833333,14.58833333,0.03,4.405,4.29,0.856666667,326.5912897,0.083900919,0.906590131,-2.538452006
287,21.175,6.603333333,22.15333334,26.245,11.14666667,16.34666667,13.73333333,0.0285,4.57,4.02,2.442395833,303.4988512,0.115246311,1.549588521,-2.216536534
288,22.52666667,6.165,21.805,26.03666667,12.19166667,15.155,15.71666667,0.026,4.65,3.955,2.230520834,329.9876525,0.108850335,1.484261484,-2.237627205
289s,24.37333334,7.221666667,25.44333334,30.23833334,11.80666667,17.66,15.12666667,0.0325,4.43,3.98,2.755833334,358.3227612,0.137032618,1.648932014,-2.00096737
29,21.385,6.473333334,21.37833334,25.12666667,10.90833334,16.215,13.19666667,0.029,4.305,4.255,1.037083334,320.8014621,0.129816631,0.961484813,-2.062165105
290,20.06833334,5.636666667,19.88,23.925,10.685,14.87333333,11.51166667,0.036,4.75,3.97,1.701354167,295.1821953,0.133508189,1.283128925,-2.038610449
291,24.28666667,6.9,22.11333333,27.18,11.29666667,17.05333333,15.44333333,0.029,4.17,3.87,2.010208333,355.8123477,0.139498433,1.402820901,-1.993931444
292,23.64166667,6.83,25.95666667,30.38,11.50666667,17.58166667,15.00166667,0.034,4.615,4.045,1.861770834,360.1313885,0.116622413,1.354815827,-2.185120145
293,22.79333334,6.68,23.11,27.50166667,12.01666667,16.70166667,15.98666667,0.0235,4.64,3.915,1.848958334,311.3355553,0.10237298,1.338764383,-2.307674955
294,23.35,6.558333333,24.05166667,27.95333333,10.79333334,16.78166667,13.76166667,0.03,4.21,3.94,1.506666667,321.0732517,0.102796924,1.209926456,-2.359847137
295,22.285,7.203333333,23.35166667,27.59166667,10.56,16.21833334,13.88666667,0.0295,4.52,4.325,1.826354167,315.4488578,0.118617823,1.318710704,-2.174349322
297,17.81,5.415,21.04,24.045,9.746666667,14.16833334,13.28666667,0.024,4.06,3.755,1.119375,309.3603738,0.044070554,1.035836102,-3.154619722
299,20.89333334,6.136666667,21.77,25.31,11.20333334,14.41666667,12.635,0.03,4.16,4.215,1.082395834,254.30895,0.082338882,0.990929696,-2.516099156
30,22.4625,6.89,24.5775,28.53333334,10.78083334,17.02333334,15.12,0.026,4.215,4.03,2.387395834,311.5389333,0.106410721,1.521136167,-2.272956048
300,20.095,6.106666667,20.725,24.80666667,10.73666667,14.57666667,11.96333333,0.0275,4.54,3.82,1.51375,287.5509126,0.092740376,1.216362629,-2.440989915
301,23.01833334,6.653333334,23.58666667,27.41,11.55166667,15.44333334,13.27166667,0.0255,4.305,3.67,1.181979167,324.8916363,0.133552812,1.040419651,-2.019603174
302b,19.29833334,6.251666667,20.98,24.58,9.929999999,14.29333333,10.84166667,0.028,3.92,3.48,1.4165625,315.8331595,0.063364147,1.173236335,-2.7788093
303,21.96833333,6.545,20.89833334,25.45,11.49833334,14.865,13.47666667,0.029,4.59,3.9,1.275,283.1328766,0.114444594,1.054034243,-2.246544374
305b,18.93833334,6.181666667,20.295,23.54,10.02333334,13.32,11.66333334,0.026,4.245,4.07,1.607916667,323.650391,0.102052877,1.263268782,-2.321919805
306,22.215,6.796666667,22.78833334,26.10666667,10.69833334,15.91666667,11.71333334,0.0325,4.515,4.14,1.519166667,291.2226726,0.075762499,1.211243252,-2.607151975
327,22.29,6.403333334,23.04333334,27.51833334,11.51833333,16.46166667,16.79,0.026,4.21,3.9,2.034791667,301.7144608,0.095619428,1.386737015,-2.380444997
328,20.51,6.368333334,22.95333333,26.60666667,10.855,16.26833333,12.48166667,0.025,4.235,3.97,1.516458334,238.2392953,0.090724405,1.221946288,-2.420179877
329,21.22333333,6.735,23.04,26.79666667,10.98666667,16.27666667,15.27333333,0.021,4.445,3.77,1.738229167,329.4846634,0.09472346,1.279393446,-2.448967721
33,23.55,6.921666667,23.74,27.93333333,11.30333333,16.64166667,15.86666667,0.0215,4.055,3.58,2.199375,331.0464588,0.122858745,1.466878787,-2.115919194
330,22.44666667,6.983333334,22.23333334,27.09,10.635,16.66166667,13.53833334,0.029,4.18,3.95,1.6971875,288.5719345,0.092769632,1.279328034,-2.403332222
331,21.39333334,6.208333334,21.73333334,25.87666667,12.095,16.54,16.01333334,0.0275,4.545,4,2.008125,342.2082215,0.106819415,1.395806122,-2.266118062
332,21.85666667,6.375,25.78833334,29.87166667,10.83,18.28,15.11166667,0.03,4.225,4.455,1.521458334,285.682266,0.099438744,1.194028632,-2.343119767
333,19.77,5.856666667,21.85833334,25.225,10.06166667,16.07333334,12.04333333,0.026,3.805,3.695,1.769791667,327.7392004,0.093724795,1.314091269,-2.373588169
335,21.29166667,6.355,22.44833334,26.495,10.995,15.96833334,14.77,0.028,3.945,3.555,1.4171875,284.1682554,0.084589069,1.151184565,-2.567140588
336,20.115,7.001666667,21.66333334,25.49,9.726666669,15.835,13.63666667,0.027,4.68,3.86,0.910833333,266.2952578,0.074895391,0.933805588,-2.644724634
337,20.69666667,6.046666667,21.35833334,24.78333334,11.55833334,15.69,12.38,0.0275,4.595,4.33,0.767395834,291.3654991,0.054188143,0.778246852,-2.967763229
338b,19.72,5.853333334,21.99,25.245,11.18166667,15.03166667,13.35833334,0.0215,4.335,3.38,1.265833333,295.0756625,0.08864775,1.113636623,-2.439430982
340b,20.97166667,6.261666667,20.63,24.52666667,11.02833333,15.4,14.39,0.016,3.905,3.45,0.9765625,295.5757935,0.083534987,0.968673211,-2.526848752
341s,21.57666667,6.4,23.37,27.92166667,10.84333334,15.74166667,14.75666667,0.0245,4.515,4.005,1.1221875,289.7797448,0.093279357,1.041837955,-2.411261844
343s,21.95166667,6.71,23.12166667,27.04166667,10.61166667,16.70333334,13.35833333,0.0265,4.345,4.135,1.469791667,343.8279993,0.104269906,1.200612865,-2.371906709
344,23.47166667,7.23,25.205,28.58166667,11.395,18.76,16.47333334,0.032,4.98,4.265,2.4121875,350.7698091,0.147870021,1.549789004,-1.920401668
351,20.74166667,6.286666667,22.13666667,25.34666667,11.265,16.12,14.44833334,0.026,4.635,4.075,1.146875,310.444105,0.074556487,1.042880814,-2.618497438
353,24.66166667,6.566666667,23.43333334,28.10833333,10.94166667,17.295,15.83166667,0.028,4.52,4.015,1.313333333,323.675708,0.090193173,1.130666611,-2.491497505
354,23.93833334,6.52,23.83333333,28.875,11.7,16.75833334,15.00333334,0.034,4.705,4.225,2.385833334,336.7240875,0.146907164,1.519393561,-1.945299418
355,22.705,6.51,20.31833334,25.31833334,12.55166667,15.005,12.93666667,0.0325,4.095,4.25,2.552604167,316.0180567,0.09408227,1.583494771,-2.455231128
357s,22.37166667,7.065,24.38833334,27.79833333,12.14666667,16.73666667,13.27,0.0275,4.525,4.705,1.838854167,329.643446,0.087068777,1.324193498,-2.46884048
358,22.27833333,6.278333333,24.82833333,28.76166667,10.78,16.28,12.905,0.033,4.74,4.365,1.100520834,337.7152255,0.088181506,1.035180045,-2.452593711
359,22.49,6.68,25.03666667,29.16833334,10.36833333,17.18166667,12.42833334,0.0305,4.71,4.635,0.98125,312.0355545,0.095073865,0.941975928,-2.363362467
36,20.04,5.91,21.59,25.345,11.05666667,15.17,12.365,0.035,4.74,4.475,1.008333333,220.3608254,0.081227678,0.838733404,-2.545127856
361,20.70333334,6.745,20.81833334,25.66833333,10.43333334,14.89,14.2,0.0225,4.175,3.94,1.718541667,310.4795616,0.092899605,1.295605943,-2.430054913
362s,23.9,6.826666667,23.71,28.05,11.13333333,16.61333334,15.34333334,0.0265,4.41,4.01,2.055104167,312.7525025,0.101694234,1.430836953,-2.300941587
363,24.09166667,6.771666667,22.38666667,27.53333333,10.505,17.06666667,14.655,0.0255,4.435,4.115,1.476875,321.1353511,0.100894968,1.175551324,-2.327012074
364s,21.50166667,6.2,23.20166667,26.94166667,10.455,16.25833333,14.015,0.0315,4.985,4.355,1.6846875,344.8572558,0.085688952,1.285317052,-2.553679601
365,19.615,5.503333334,21.39166667,24.62333334,10.87666667,15.09,12.78666667,0.0255,4.1,4.065,1.173125,339.4182391,0.081906987,1.019451091,-2.561669875
366,21.37166667,7.35,24.37666667,27.33,11.47166667,15.48333334,12.575,0.032,4.625,4.275,2.691041667,336.5171942,0.140003421,1.630259971,-1.975119028
367s,26.015,7.843333334,27.22,32.48666667,12.89833333,18.65666667,16.04333334,0.025,4.48,4.01,2.209270834,335.6540915,0.168455002,1.477113015,-1.824882006
368,20.45666667,6.22,21.89666667,26.02166667,10.98333334,15.60833334,13.05166667,0.028,4.61,4.025,1.735,311.0557217,0.09922673,1.308057558,-2.387913966
369s,20.99,6.206666667,21.44666667,24.96833333,9.930000002,15.18,13.49833334,0.0275,4.255,4.005,1.212604167,331.8212665,0.090969646,1.079790134,-2.504135386
371,22.055,6.561666667,21.74166667,26.00666667,11.54833333,17.11666667,14.74833333,0.0235,4.28,3.915,2.315729167,361.2856279,0.099036243,1.501213198,-2.330942519
372b,21.43333333,6.846666667,21.11,24.93666667,11.02666667,14.14333333,13.02333333,0.028,4.14,3.76,0.651458333,282.0886306,0.102808163,0.789621808,-2.331865079
373,22.74166667,6.816666667,22.37666667,26.93333334,10.73333334,16.835,12.72166667,0.0225,4.33,3.87,2.200104167,314.6042197,0.151041466,1.476651731,-1.917703928
375,19.31666667,6.041666667,21.63666667,23.735,10.045,14.78333334,15.03666667,0.024,4.74,4.13,2.050520833,315.6533237,0.104900094,1.416543673,-2.258322557
379,23.03666667,6.598333333,20.30166667,25.28833334,11.51666667,15.36,12.48,0.03,4.645,4.295,1.53875,302.1459687,0.1193518,1.235383035,-2.174866937
38,21.27166667,6.77,23.53833334,26.84333333,10.89,17.455,14.87666667,0.031,4.67,4.075,2.4434375,349.81831,0.161209776,1.544173489,-1.841244617
380,21.08,5.821666667,20.93333333,25.23833333,10.93333334,15.23,12.635,0.0245,4.06,3.91,1.133958334,290.9520154,0.080476037,0.997918205,-2.539397579
381,21.49,6.108333334,22.475,26.41166667,10.56666667,15.57333334,12.64166667,0.025,4.17,4.07,1.039270834,309.7412192,0.060134782,0.971417239,-2.885290629
382s,20.36666667,6.013333333,20.55666667,23.53333333,8.996666667,11.19,13.98,0.026,4.26,3.88,0.107708333,257.8043582,0.059405528,0.323883906,-2.831316362
383,19.04833334,6.178333334,21.04666667,24.63,10.925,14.585,11.985,0.021,3.85,3.565,1.102083333,286.1360633,0.065058724,1.04064657,-2.73877111
385,19.10666667,5.678333333,19.28833334,23.36333334,9.123333334,14.45333333,12.185,0.0285,4.42,4.165,1.27125,313.2589814,0.103671733,1.110560242,-2.283198337
386s,22.59333334,6.87,23.94666667,27.51333333,12.235,15.77333333,14.715,0.0255,4.4,3.725,1.505520834,328.7858889,0.138843962,1.206477607,-2.005977983
387b,20.795,6.595,24.33666667,27.85833333,11.11666667,16.96833334,14.805,0.027,3.9,3.81,1.586666667,314.0385777,0.093875416,1.254091992,-2.384256526
390b,23.75166667,6.616666667,24.825,30.01,11.60333334,17.815,14.465,0.0115,3.185,2.735,2.665,316.8344901,0.134052634,1.500945019,-2.056023633
391,23.215,6.786666667,24.94833334,29.47,10.5,17.67,15.34333334,0.0255,4.48,3.84,1.7225,331.467134,0.132020075,1.289227055,-2.035177056
392,20.94,6.136666667,22.01833334,26.19166667,9.868333333,16.85,15.185,0.0265,4.23,3.8,1.118229167,308.2497596,0.084319739,1.035402376,-2.504290798
393,21.915,6.363333334,24.52166667,28.49333333,10.79666667,16.97833334,12.74166667,0.0205,3.85,3.75,1.831875,366.3590192,0.115301142,1.33806877,-2.18297274
396,19.21,6.491666667,22.55333333,25.21166667,10.365,15.24666667,13.78166667,0.028,4.705,3.875,1.203020833,266.6423884,0.077830665,1.074047811,-2.562013301
399,20.64,6.163333333,19.42666667,23.27666667,11.365,14.71666667,11.95,0.027,4.125,4.105,0.574270833,318.1700464,0.07376175,0.718157977,-2.634989431
40,21.74833333,6.433333334,22.65,26.455,11.815,16.31,12.82,0.0325,4.66,4.105,1.697916667,311.6539196,0.117824758,1.278442499,-2.185116324
400,23.34666667,6.485,23.26833333,27.34,12.36333333,16.56833334,16.275,0.027,4.86,3.815,2.6290625,321.967409,0.143534473,1.610700789,-1.953064497
402,23.11833334,6.335,22.73666667,27.03,11.69333333,16.70666667,14.05666667,0.0275,4.55,3.855,3.1146875,370.7784195,0.175239065,1.75800171,-1.76354731
404,23.79333334,7.523333334,23.02166667,27.56833334,12.44833333,17.28166667,15.08833333,0.0225,4.52,3.995,1.9728125,372.9831339,0.188178567,1.376817696,-1.691885201
405,22.90333333,6.46,23.57333333,27.895,12.04666667,16.125,13.635,0.0275,4.625,3.845,0.920416667,302.0708126,0.097071856,0.926884897,-2.364238971
406s,17.60666667,5.715,19.47833334,22.52333334,9.433333333,14.79,11.81666667,0.026,4.03,3.935,0.987760417,332.0965079,0.072622753,0.969394178,-2.636494256
407,21.35166667,6.411666667,23.18,27.37,10.525,15.445,14.88666667,0.0285,4.305,4.535,1.154583334,338.7413913,0.106857703,1.055539259,-2.270727671
409s,23.68833333,6.783333334,23.34333334,28.32166667,10.92333334,16.08833333,15.07166667,0.024,4.065,4.13,1.6575,311.8410273,0.102751956,1.279065625,-2.283769591
41,21.52833334,6.386666667,20.82166667,24.95833334,9.648333332,14.63166667,12.70666667,0.024,4.265,3.845,0.7115625,305.6715088,0.05967445,0.726676849,-2.832848704
410,26.00333333,6.69,23.105,29.09,11.56,17.73333334,15.69,0.03,4.51,4,1.160833333,280.9182783,0.103476439,1.058058196,-2.279030371
411,20.83416667,6.959166667,23.55833334,27.435,11.59416667,15.60666667,15.29333334,0.025,4.46,3.7,1.583125,322.5624987,0.111575639,1.249769493,-2.203338924
412,22.29,6.483333334,21.55166667,25.725,11.24,15.6,14.61166667,0.024,4.405,3.82,1.505416667,298.82556,0.11577306,1.220386157,-2.199439229
413,20.555,6.411666667,24.95833333,28.29,10.46666667,16.44,14.29166667,0.0315,4.465,4.07,0.979479167,276.3093659,0.062334179,0.981712665,-2.796978092
414,25.59333334,6.816666667,25.09666667,30.12333334,11.19666667,18.54666667,17.18333334,0.028,4.27,4.11,2.825833334,326.8560526,0.130033759,1.661148959,-2.058564467
415,22.37833334,6.636666667,22.415,26.21833334,11.23,15.715,14.14,0.0285,4.47,4.16,1.037291667,308.6608933,0.096094316,0.983622162,-2.372449556
417,21.20833334,7.23,21.035,24.77666667,12.385,15.08,12.96166667,0.025,4.64,3.775,1.503333334,335.4023817,0.147601446,1.21750879,-1.945748474
418,23.16166667,7.356666667,23.4,28.19833334,11.13333334,16.79,14.58333334,0.0275,4.205,3.805,2.573229167,341.7240545,0.139213899,1.569893455,-2.003498567
42,22.01166667,7.375,24.30666667,27.22833334,11.185,16.68666667,14.42166667,0.0335,4.72,4.115,1.989270834,333.2162428,0.118372035,1.406032891,-2.14443027
421,23.47833333,6.366666667,23.85,28.06833334,10.24,17.5,13.65833334,0.024,3.88,3.795,2.044270834,296.4365851,0.080462697,1.425005238,-2.535120539
423,19.67,6.023333334,20.27666667,23.41166667,10.43333333,14.8,13.39166667,0.027,4.415,3.87,0.690416667,326.0336011,0.080428314,0.799402599,-2.58906554
424,20.565,6.006666667,22.30333333,25.51,10.23166667,14.79666667,12.54833333,0.02,3.715,3.46,1.448645834,338.1967635,0.088516301,1.19207771,-2.491284486
426b,19.55833333,6.135,22.59666667,26.19,10.85333333,15.36166667,12.935,0.0245,4.11,3.745,0.632395833,253.4712629,0.07080382,0.765346938,-2.664657823
429,20.04666667,6.076666667,20.625,24.45166667,10.67166667,15.29166667,13.62833333,0.016,3.575,3.355,1.613541667,340.4073531,0.09411414,1.24924157,-2.482505288
431b,22.99333334,6.6,24.165,27.90166667,11.81,16.295,13.75166667,0.032,4.215,4.045,1.8078125,311.5391604,0.102150907,1.326170679,-2.297377484
432,22.81,6.226666667,22.83,27.38666667,11.13,15.51,15.04666667,0.019,4.055,3.48,2.314375,342.3682633,0.105865131,1.513759024,-2.263238181
433s,25.56166667,6.56,23.31333334,29.05166667,10.50166667,14.39,13.185,0.027,4.02,3.84,1.0284375,236.9208168,0.130875739,0.922836342,-2.131462704
434,20.15833334,6.013333334,22.08666667,25.77666667,9.881666669,15.76333334,12.33833333,0.0245,4.07,3.87,0.7315625,301.1657246,0.088523493,0.838738692,-2.431507145
436,23.94166667,6.39,21.83333334,25.86333334,11.14833334,14.96833334,12.85666667,0.031,4.51,4.065,1.103125,296.2715619,0.108994986,1.024603346,-2.236348384
438,23.74666667,7.208333334,23.22,27.58333334,12.50333334,15.575,14.13333334,0.025,4.67,4.125,2.163333334,297.8556985,0.09889458,1.400494499,-2.359234101
439,22.585,6.386666667,21.17666667,25.87833333,11.75,14.55666667,12.055,0.024,4.035,3.835,0.449791667,240.2587159,0.078240329,0.601147726,-2.586393544
44,22.07333334,6.495,24.25166667,28.085,11.37833333,17.83166667,14.815,0.0325,4.785,4.265,1.808125,362.3468717,0.121832384,1.340202182,-2.12914446
440s,20.91833334,7.39,21.295,25.65833333,10.74,15.41666667,12.77666667,0.029,4.83,4.18,1.961354167,330.50293,0.118017874,1.388935214,-2.169918672
442,23.46666667,6.983333334,23.27166667,27.82166667,11.67333333,17.23166667,16.83833334,0.0245,4.345,3.645,1.708854167,349.3989801,0.172772878,1.28087232,-1.800408938
443w,25.515,7.328333334,24.43666667,29.00666667,12.07166667,17.83,15.46333334,0.0275,4.31,4.055,2.893333334,344.3081439,0.119739767,1.689998767,-2.154279026
444,23.32333334,6.69,22.72166667,27.20833334,11.74333334,15.865,13.70166667,0.023,4.295,3.595,2.037291667,306.9652682,0.093690233,1.388402388,-2.40602459
447,20.45,6.305,22.22333334,26.01666667,10.575,16.44833334,13.26833334,0.023,4.205,3.73,1.893645833,288.062866,0.106562471,1.239517258,-2.302553248
45,16.595,5.331666667,18.93333334,21.89666667,11.035,13.81333334,11.27,0.034,4.89,4.27,1.264270834,340.9838892,0.065022537,1.109073193,-2.763053139
450,20.81833334,6.66,22.39,25.605,9.738333333,15.22166667,13.57,0.0245,4.26,3.895,1.2365625,276.1095896,0.089369293,1.105014694,-2.433585022
451,19.35833334,6.768333334,22.45166667,25.54666667,9.861666667,15.07333334,14.195,0.027,4.135,3.91,1.654791667,309.0608409,0.073195444,1.266251191,-2.648183912
452,19.09166667,6.041666667,21.07166667,24.72166667,10.24,15.145,13.035,0.023,3.79,3.76,1.7565625,353.7638757,0.101268381,1.324100766,-2.306594396
453s,20.93666667,6.578333334,20.51666667,23.85166667,9.58,15.31666667,12.74833333,0.025,4.245,4.195,1.2653125,298.6784607,0.062962917,1.057483937,-2.881919468
454,20.15333333,5.575,21.755,25.255,11.43833333,15.36833334,12.90833334,0.029,4.545,4.165,1.16,331.1448072,0.111890995,1.043358349,-2.2004762
456,20.83666667,6.34,23.05,26.88,11.03,14.945,13.405,0.0325,4.66,4.245,1.158854167,272.0941966,0.076066696,1.047398027,-2.612262599
457,19.08166667,6.54,20.80166667,24.29666667,9.061666667,15.17833334,12.79833334,0.0225,4.235,3.95,1.281666667,340.0299697,0.065702487,1.115157134,-2.741267916
458s,21.93666667,6.178333333,22.54166667,26.72333333,11.01666667,16.16166667,13.26166667,0.0295,4.33,4.265,2.018645834,295.5754925,0.093107206,1.409882956,-2.402175838
459,24.895,6.786666667,24.79333333,29.88666667,12.50833334,18.50333334,16.745,0.03,4.815,4.535,0.6634375,297.1897429,0.096875444,0.777111548,-2.347494807
46,22.18333333,7.368333333,22.21,25.74833334,10.54666667,15.55333334,14.435,0.033,4.685,4.415,0.840104167,320.3727696,0.114961568,0.844566616,-2.198225351
460s,21.84166667,6.575,23.065,26.775,11.94666667,16.69333333,13.33833334,0.025,4.17,3.575,1.975208334,352.316149,0.127943982,1.394424705,-2.096749448
461b,26.28166667,6.791666667,24.15,29.775,11.40333334,18.14666667,13.67333334,0.031,4.44,3.845,2.1215625,359.0043671,0.111709684,1.423988908,-2.208155811
462,20.665,6.461666667,20.42833333,24.46166667,11.08666667,14.70666667,12.59166667,0.022,4.49,4.03,1.458333334,324.8131819,0.120292086,1.203699847,-2.176282742
464,24.045,6.325,24.47166667,29.97,11.74333333,15.64,14.905,0.021,4.3,3.66,1.229479167,279.5792404,0.102300022,1.106026242,-2.311370068
465s,18.76833333,7.361666667,21.75166667,24.90166667,9.641666667,15.19,13.43333333,0.029,4.53,3.975,1.213645833,316.3188944,0.076501291,1.045415153,-2.620710788
469,23.075,6.546666667,22.07833334,26.355,10.975,16.11,14.49166667,0.026,4.73,4.08,2.090520834,349.147959,0.14691747,1.438848211,-1.945273751
472,18.13166667,6.206666667,20.545,23.38333334,10.04333333,14.55166667,13.79833333,0.026,4.49,4.085,1.354583334,303.5641195,0.102833726,1.159569325,-2.317842696
473s,20.02833334,5.88,23.83333334,27.56333333,11.055,15.90833334,12.76833333,0.023,4,4.05,1.227604167,349.38252,0.096766779,1.092219488,-2.429087126
474s,27.16333334,7.803333334,24.05666667,29.5,13.10833334,16.29333334,15.34,0.0275,4.41,4.035,2.205260417,331.7489717,0.131719552,1.461793298,-2.046071116
475,22.14833334,6.256666667,22.88,26.86,10.43333334,16.12166667,14.25166667,0.024,4.045,3.74,1.755,312.9738082,0.100518774,1.303836729,-2.324380326
479s,19.07,5.723333334,20.135,23.865,11.06666667,14.12833334,11.18333333,0.034,4.965,4.42,0.653229167,226.4458829,0.072330488,0.789789209,-2.672310306
48,24.87333334,7.041666667,24.295,29.145,10.53,17.63333334,13.56666667,0.03,4.26,4.34,1.081458334,301.623398,0.103805166,1.005584598,-2.291196613
480s,25.52,7.163333333,22.56,28.71666667,12.06,17.92,16.11333333,0.018,3.75,3.64,2.291666667,387.0624693,0.110631611,1.508320651,-2.210289999
482,23.66166667,6.916666667,21.435,26.18166667,10.77833333,14.55,12.16666667,0.03,4.43,4.05,0.875104167,201.8042206,0.111748821,0.888155751,-2.252600102
483,21.39666667,6.473333334,21.73166667,25.18,11.08333334,15.115,14.18833334,0.0225,4.07,4.055,0.927083334,295.0200168,0.090716212,0.953431142,-2.410930162
49,27.04666667,7.713333333,27.38333333,31.78666667,11.52666667,18.74,15.05666667,0.04,5.1,4.33,2.040416667,375.9955991,0.12140664,1.404860265,-2.167128941
490b,25.175,6.915,23.335,28.87833334,11.70333334,17.24166667,13.69333334,0.0225,4.07,3.915,1.981770834,345.3530752,0.1368218,1.367402351,-2.109884772
491b,22.73666667,6.393333333,21.13166667,25.72166667,10.99,15.97166667,14,0.0265,4.34,4.035,1.196458334,316.670866,0.072276791,1.081530838,-2.645438433
492b,19.95333334,5.96,21.565,25.285,10.94333333,14.83333334,13.11166667,0.0255,4.39,4.1,1.128333334,292.9374347,0.09699322,1.034487574,-2.374847553
493s,21.10333334,6.083333333,22.175,26.39,10.63666667,15.74,15.10166667,0.0285,4.08,4.215,0.971145834,329.6464041,0.077636945,0.972758517,-2.590938865
495s,20.11666667,6.716666667,23.09666667,26.41166667,10.73166667,16.095,13.56333334,0.029,4.55,4.305,1.920625,307.8344039,0.114793464,1.360616494,-2.170143906
496s,19.73833334,5.748333333,20.92666667,23.665,10.47666667,14.73666667,13.75,0.02,3.855,3.785,0.823854167,261.1654885,0.044765208,0.852299972,-3.147498228
50,25.59,6.823333334,24.50666667,29.655,11.80166667,18.16166667,16.14666667,0.0365,5.54,4.535,1.512395834,323.9655242,0.107691163,1.214164801,-2.25238247
500,20.69833334,6.255,22.74833334,26.04333333,10.20666667,15.85666667,14.34333334,0.029,4.425,4.3,2.2759375,331.8536579,0.10495838,1.493209268,-2.284863272
501,23.58833334,6.976666667,24.51,29.36166667,10.76833333,16.285,13.95166667,0.024,4.11,3.975,2.796770833,371.2407187,0.17308531,1.660368867,-1.757905471
502,20.16833334,6.068333334,21.16,24.91166667,10.875,14.16833334,12.71666667,0.023,4.245,3.8,1.485208334,318.3139733,0.09174838,1.149828884,-2.398694827
503,23.27333333,6.88,23.12333334,27.18833334,12.34333333,15.76333333,15.41,0.0265,4.91,4.135,1.419270833,336.4964641,0.140356507,1.157935435,-1.981091416
505s,21.42833334,6.41,22.79166667,26.74833334,10.685,15.19666667,14.93,0.022,3.955,3.72,0.9034375,292.8583086,0.079412032,0.933993491,-2.565439057
506,24.655,6.611666667,23.38666667,28.06,11.89166667,18.29166667,18.12666667,0.0325,5.065,4.295,1.131041667,273.6356602,0.089433555,0.969006513,-2.458747479
507,24.62666667,7.376666667,24.475,29.51166667,10.87166667,17.56166667,14.37666667,0.0265,4.22,3.84,1.549791667,262.3585907,0.128162151,1.180515416,-2.093082318
508,24.08666667,6.933333333,22.605,27.13,11.69166667,17.84833334,17.04333333,0.0315,4.755,4.335,3.243958334,315.5934694,0.181525472,1.776780661,-1.728551318
52,24.15166667,6.633333334,23.98666667,27.01833334,11.195,15.88166667,13.14666667,0.0215,3.915,3.605,1.121770833,355.8616288,0.091317775,1.027979976,-2.452076099
53,22.41666667,6.665,22.87333334,26.465,10.55833334,16.48333333,13.395,0.025,4.185,4.055,2.0803125,346.9035256,0.131949858,1.409017755,-2.055608003
55,23.87166667,6.576666667,25.26,29.64333334,12.28166667,16.955,15.63166667,0.0275,4.42,4.03,1.8640625,335.7770604,0.105713446,1.350090462,-2.276407043
56,21.51333334,6.525,21.225,25.63666667,11.86166667,15.74166667,12.94333333,0.0275,4.41,3.98,1.1515625,314.734605,0.098293967,1.035563335,-2.35292595
58,24.57,7.161666667,22.25,27.25166667,12.96166667,15.44666667,14.39833334,0.0305,4.47,4.025,1.16875,319.3948649,0.128743557,1.078916198,-2.08216487
59,22.575,6.391666667,22.505,26.43,12.12333334,15.18833334,13.555,0.0245,4.685,3.895,1.882604167,333.202719,0.08319926,1.361283972,-2.531193908
62,20.90666667,6.411666667,21.17833333,24.84333333,11.45833334,15.63,14.19,0.0295,4.805,4.15,2.287604167,326.7915387,0.114307113,1.484011602,-2.191764858
63,20.34833334,6.021666667,20.95333333,24.62833334,11.06166667,14.65,13.00166667,0.0285,4.46,3.88,1.210833333,297.7259246,0.069850479,1.060220104,-2.683055365
64,23.18333333,6.36,21.38166667,25.59333334,11.45666667,15.55666667,15.90666667,0.03,4.555,4.16,1.57875,341.8877635,0.16025435,1.245222443,-1.892903567
69,21.88333333,6.83,22.61833334,26.20166667,11.74166667,16.64833333,14.52166667,0.035,4.995,4.145,1.973645833,315.7427192,0.10280655,1.38294411,-2.294141932
7,20.74333334,5.745,21.76166667,25.29,10.83666667,15.49666667,14.25666667,0.0285,4.425,3.935,1.028020834,296.9313107,0.050119268,1.008388776,-3.030811976
70,22.84,6.493333334,22.8,26.955,10.67833333,15.92833334,14.79333334,0.024,4.09,3.635,1.740104167,386.4803128,0.12118032,1.307129537,-2.115493313
71,23.85666667,6.548333334,22.68666667,27.72666667,11.71166667,16.52166667,14.67,0.0285,4.535,4.03,1.238125,295.7684492,0.125083182,1.055300164,-2.117493774
72,19.28166667,5.645,20.45333333,23.94333333,10.51833333,15.44166667,12.77,0.0305,4.585,4.045,1.364479167,318.0200985,0.078788742,1.151574611,-2.65093449
74,23.13,6.89,22.98833334,27.01666667,11.03333333,16.74,14.15833334,0.037,5.025,4.36,2.209895834,366.2465516,0.182878866,1.480185045,-1.720445159
76,23.905,6.381666667,23.175,27.95166667,11.17,16.825,13.605,0.0325,4.925,4.11,1.495520834,330.8272232,0.121847381,1.218621342,-2.123726661
8,20.61166667,6.666666667,24.07166667,27.51833334,10.375,15.92166667,13.19,0.0345,4.835,4.11,1.437604167,306.2838944,0.070810068,1.194175628,-2.65948255
80,22.19,6.751666667,21.09666667,25.175,10.89166667,15.55166667,12.77,0.028,4.2,4.355,0.363958334,261.9413603,0.063196575,0.547388969,-2.765364136
83,20.29,6.185,23.745,26.91666667,11.18333334,16.09,13.33166667,0.029,4.485,3.97,1.033958334,303.3153572,0.065241305,0.974609587,-2.738361857
84,23.1,6.783333334,24.81166667,28.705,12.34333333,16.73666667,15.23833334,0.0285,4.17,3.84,1.899895833,338.3952217,0.116035939,1.314063516,-2.167896654
86,24.685,6.891666667,23.1,27.95666667,10.58166667,17.08333334,15.85,0.0315,4.535,3.92,2.533958334,303.6385727,0.104452412,1.587820649,-2.305050678
88,18.72,5.551666667,21.67166667,24.625,10.57833334,15.53,12.745,0.032,4.565,3.82,1.283229167,308.3124531,0.090587224,1.126452615,-2.417752829
9,19.76,6.048333333,22.00166667,25.06666667,10.94166667,14.52,13.385,0.019,3.41,3.415,1.298541667,342.4308237,0.079416811,1.123722849,-2.63481378
91,24.75333334,7.118333333,24.215,29.225,11.98166667,17.71166667,16.975,0.0285,4.635,4.125,1.539479167,296.1053328,0.080227303,1.18534931,-2.537562048
92,21.82166667,7.083333334,22.82666667,26.09666667,12.455,16.275,14.375,0.036,4.69,4.01,1.976875,349.4350682,0.111264942,1.385263207,-2.213379999
94,21.56833333,6.293333334,22.04833334,26.59333334,12.17166667,14.91166667,12.49166667,0.0345,4.525,4.15,0.929375,289.4167354,0.075386303,0.934697336,-2.644770243
95,23.95916667,6.63,23.87,28.00583334,11.88416667,15.5825,16.58916667,0.0285,4.72,4.275,2.95921875,337.1357017,0.136971959,1.718147867,-1.992218863
99,21.48833334,6.775,23.655,27.14,10.14166667,16.20333334,14.16,0.026,4.12,3.965,1.7665625,341.4031507,0.102621307,1.309142215,-2.358095252